{
  "sections": {
    "main": {
      "type": "main-index",
      "settings": {
      }
    },
    "banner": {
      "type": "hero-banner",
      "settings": {
        "image": "",
        "image_2": "",
        "image_overlay_opacity": 0,
        "image_height": "medium",
        "adapt_height_first_image": false,
        "desktop_text_box_position": "center",
        "content_alignment": "center",
        "color_scheme": "background-1",
        "mobile_text_alignment": "center",
        "stack_images_on_mobile": true,
        "show_text_below": true
      },
      "blocks": {
        "heading": {
          "type": "heading",
          "settings": {
            "heading": "Willkommen bei Poke.Trendz",
            "heading_size": "h1"
          }
        },
        "text": {
          "type": "text",
          "settings": {
            "text": "Entdecken Sie die neuesten Trends in Mode und Lifestyle",
            "text_style": "body"
          }
        },
        "buttons": {
          "type": "buttons",
          "settings": {
            "button_label_1": "Jetzt entdecken",
            "button_link_1": "/collections/all",
            "button_style_secondary_1": false,
            "button_label_2": "Über uns",
            "button_link_2": "/pages/about-us",
            "button_style_secondary_2": true
          }
        }
      },
      "block_order": [
        "heading",
        "text",
        "buttons"
      ]
    },
    "featured_collection": {
      "type": "featured-collection",
      "settings": {
        "title": "Unsere Bestseller",
        "collection": "",
        "products_to_show": 4,
        "columns_desktop": 4,
        "color_scheme": "background-1",
        "columns_mobile": "2",
        "swipe_on_mobile": false,
        "image_ratio": "adapt",
        "show_secondary_image": false,
        "show_vendor": false,
        "show_rating": true,
        "enable_quick_add": false,
        "enable_quick_view": false,
        "enable_compare": false
      }
    },
    "image_with_text": {
      "type": "image-with-text",
      "settings": {
        "height": "adapt",
        "desktop_image_width": "medium",
        "layout": "text_first",
        "desktop_content_position": "middle",
        "desktop_content_alignment": "left",
        "content_layout": "no-overlap",
        "section_color_scheme": "background-1",
        "color_scheme": "background-1",
        "image": "",
        "image_behavior": "none",
        "mobile_image_width": "medium",
        "padding_top": 36,
        "padding_bottom": 12
      },
      "blocks": {
        "heading": {
          "type": "heading",
          "settings": {
            "heading": "Warum Poke.Trendz?",
            "heading_size": "h1"
          }
        },
        "text": {
          "type": "text",
          "settings": {
            "text": "<p>Wir bieten Ihnen die neuesten Trends und angesagtesten Styles für jeden Geschmack. Unsere Produkte zeichnen sich durch höchste Qualität und zeitloses Design aus.</p>",
            "text_style": "body"
          }
        },
        "button": {
          "type": "button",
          "settings": {
            "button_label": "Mehr erfahren",
            "button_style": "primary",
            "link": "/pages/about-us"
          }
        }
      },
      "block_order": [
        "heading",
        "text",
        "button"
      ]
    }
  },
  "order": [
    "banner",
    "featured_collection",
    "image_with_text"
  ]
}