[
  {
    "name": "t:settings_schema.theme_info.name",
    "theme_name": "Poke.Trendz",
    "theme_version": "1.0.0",
    "theme_author": "Poke.Trendz Team",
    "theme_documentation_url": "",
    "theme_support_url": ""
  },
  {
    "name": "t:settings_schema.colors.name",
    "settings": [
      {
        "type": "color_scheme_group",
        "id": "color_schemes",
        "label": "t:settings_schema.colors.settings.color_schemes.label"
      },
      {
        "type": "color",
        "id": "colors_solid_button_labels",
        "default": "#FFFFFF",
        "label": "t:settings_schema.colors.settings.colors_solid_button_labels.label",
        "info": "t:settings_schema.colors.settings.colors_solid_button_labels.info"
      },
      {
        "type": "color",
        "id": "colors_accent_1",
        "default": "#667eea",
        "label": "t:settings_schema.colors.settings.colors_accent_1.label"
      },
      {
        "type": "color_background",
        "id": "gradients_accent_1",
        "label": "t:settings_schema.colors.settings.gradients_accent_1.label"
      },
      {
        "type": "color",
        "id": "colors_accent_2",
        "default": "#764ba2",
        "label": "t:settings_schema.colors.settings.colors_accent_2.label"
      },
      {
        "type": "color_background",
        "id": "gradients_accent_2",
        "label": "t:settings_schema.colors.settings.gradients_accent_2.label"
      },
      {
        "type": "color",
        "id": "colors_text",
        "default": "#121212",
        "label": "t:settings_schema.colors.settings.colors_text.label"
      },
      {
        "type": "color",
        "id": "colors_background_1",
        "default": "#FFFFFF",
        "label": "t:settings_schema.colors.settings.colors_background_1.label"
      },
      {
        "type": "color_background",
        "id": "gradients_background_1",
        "label": "t:settings_schema.colors.settings.gradients_background_1.label"
      },
      {
        "type": "color",
        "id": "colors_background_2",
        "default": "#F3F3F3",
        "label": "t:settings_schema.colors.settings.colors_background_2.label"
      },
      {
        "type": "color_background",
        "id": "gradients_background_2",
        "label": "t:settings_schema.colors.settings.gradients_background_2.label"
      },
      {
        "type": "color",
        "id": "colors_outline_button_labels",
        "default": "#121212",
        "label": "t:settings_schema.colors.settings.colors_outline_button_labels.label"
      },
      {
        "type": "color",
        "id": "colors_outline_button_labels_hover",
        "default": "#FFFFFF",
        "label": "t:settings_schema.colors.settings.colors_outline_button_labels_hover.label"
      }
    ]
  },
  {
    "name": "t:settings_schema.typography.name",
    "settings": [
      {
        "type": "header",
        "content": "t:settings_schema.typography.settings.type_header.content"
      },
      {
        "type": "font_picker",
        "id": "type_header_font",
        "default": "assistant_n4",
        "label": "t:settings_schema.typography.settings.type_header_font.label",
        "info": "t:settings_schema.typography.settings.type_header_font.info"
      },
      {
        "type": "header",
        "content": "t:settings_schema.typography.settings.type_body.content"
      },
      {
        "type": "font_picker",
        "id": "type_body_font",
        "default": "assistant_n4",
        "label": "t:settings_schema.typography.settings.type_body_font.label",
        "info": "t:settings_schema.typography.settings.type_body_font.info"
      },
      {
        "type": "select",
        "id": "body_scale",
        "label": "t:settings_schema.typography.settings.body_scale.label",
        "options": [
          {
            "value": "0.8",
            "label": "t:settings_schema.typography.settings.body_scale.options__1.label"
          },
          {
            "value": "0.9",
            "label": "t:settings_schema.typography.settings.body_scale.options__2.label"
          },
          {
            "value": "1",
            "label": "t:settings_schema.typography.settings.body_scale.options__3.label"
          },
          {
            "value": "1.1",
            "label": "t:settings_schema.typography.settings.body_scale.options__4.label"
          },
          {
            "value": "1.2",
            "label": "t:settings_schema.typography.settings.body_scale.options__5.label"
          }
        ],
        "default": "1"
      },
      {
        "type": "select",
        "id": "heading_scale",
        "label": "t:settings_schema.typography.settings.heading_scale.label",
        "options": [
          {
            "value": "0.8",
            "label": "t:settings_schema.typography.settings.heading_scale.options__1.label"
          },
          {
            "value": "0.9",
            "label": "t:settings_schema.typography.settings.heading_scale.options__2.label"
          },
          {
            "value": "1",
            "label": "t:settings_schema.typography.settings.heading_scale.options__3.label"
          },
          {
            "value": "1.1",
            "label": "t:settings_schema.typography.settings.heading_scale.options__4.label"
          },
          {
            "value": "1.2",
            "label": "t:settings_schema.typography.settings.heading_scale.options__5.label"
          }
        ],
        "default": "1"
      }
    ]
  },
  {
    "name": "t:settings_schema.layout.name",
    "settings": [
      {
        "type": "range",
        "id": "page_width",
        "min": 1000,
        "max": 1600,
        "step": 100,
        "default": 1200,
        "unit": "t:settings_schema.layout.settings.page_width.unit",
        "label": "t:settings_schema.layout.settings.page_width.label"
      },
      {
        "type": "range",
        "id": "spacing_sections",
        "min": 0,
        "max": 50,
        "step": 4,
        "default": 36,
        "unit": "t:settings_schema.layout.settings.spacing_sections.unit",
        "label": "t:settings_schema.layout.settings.spacing_sections.label"
      },
      {
        "type": "header",
        "content": "t:settings_schema.layout.settings.header_grid.content"
      },
      {
        "type": "range",
        "id": "spacing_grid_horizontal",
        "min": 4,
        "max": 40,
        "step": 4,
        "default": 20,
        "unit": "t:settings_schema.layout.settings.spacing_grid_horizontal.unit",
        "label": "t:settings_schema.layout.settings.spacing_grid_horizontal.label"
      },
      {
        "type": "range",
        "id": "spacing_grid_vertical",
        "min": 4,
        "max": 40,
        "step": 4,
        "default": 20,
        "unit": "t:settings_schema.layout.settings.spacing_grid_vertical.unit",
        "label": "t:settings_schema.layout.settings.spacing_grid_vertical.label"
      }
    ]
  },
  {
    "name": "t:settings_schema.social_media.name",
    "settings": [
      {
        "type": "header",
        "content": "t:settings_schema.social_media.settings.header.content"
      },
      {
        "type": "text",
        "id": "social_facebook_link",
        "label": "t:settings_schema.social_media.settings.social_facebook_link.label",
        "info": "t:settings_schema.social_media.settings.social_facebook_link.info"
      },
      {
        "type": "text",
        "id": "social_instagram_link",
        "label": "t:settings_schema.social_media.settings.social_instagram_link.label",
        "info": "t:settings_schema.social_media.settings.social_instagram_link.info"
      },
      {
        "type": "text",
        "id": "social_tiktok_link",
        "label": "t:settings_schema.social_media.settings.social_tiktok_link.label",
        "info": "t:settings_schema.social_media.settings.social_tiktok_link.info"
      },
      {
        "type": "text",
        "id": "social_twitter_link",
        "label": "t:settings_schema.social_media.settings.social_twitter_link.label",
        "info": "t:settings_schema.social_media.settings.social_twitter_link.info"
      },
      {
        "type": "text",
        "id": "social_pinterest_link",
        "label": "t:settings_schema.social_media.settings.social_pinterest_link.label",
        "info": "t:settings_schema.social_media.settings.social_pinterest_link.info"
      },
      {
        "type": "text",
        "id": "social_snapchat_link",
        "label": "t:settings_schema.social_media.settings.social_snapchat_link.label",
        "info": "t:settings_schema.social_media.settings.social_snapchat_link.info"
      },
      {
        "type": "text",
        "id": "social_tumblr_link",
        "label": "t:settings_schema.social_media.settings.social_tumblr_link.label",
        "info": "t:settings_schema.social_media.settings.social_tumblr_link.info"
      },
      {
        "type": "text",
        "id": "social_vimeo_link",
        "label": "t:settings_schema.social_media.settings.social_vimeo_link.label",
        "info": "t:settings_schema.social_media.settings.social_vimeo_link.info"
      },
      {
        "type": "text",
        "id": "social_youtube_link",
        "label": "t:settings_schema.social_media.settings.social_youtube_link.label",
        "info": "t:settings_schema.social_media.settings.social_youtube_link.info"
      }
    ]
  },
  {
    "name": "t:settings_schema.favicon.name",
    "settings": [
      {
        "type": "image_picker",
        "id": "favicon",
        "label": "t:settings_schema.favicon.settings.favicon.label",
        "info": "t:settings_schema.favicon.settings.favicon.info"
      }
    ]
  },
  {
    "name": "t:settings_schema.predictive_search.name",
    "settings": [
      {
        "type": "checkbox",
        "id": "predictive_search_enabled",
        "default": true,
        "label": "t:settings_schema.predictive_search.settings.predictive_search_enabled.label"
      }
    ]
  },
  {
    "name": "t:settings_schema.cart.name",
    "settings": [
      {
        "type": "select",
        "id": "cart_type",
        "options": [
          {
            "value": "drawer",
            "label": "t:settings_schema.cart.settings.cart_type.options__1.label"
          },
          {
            "value": "page",
            "label": "t:settings_schema.cart.settings.cart_type.options__2.label"
          },
          {
            "value": "notification",
            "label": "t:settings_schema.cart.settings.cart_type.options__3.label"
          }
        ],
        "default": "drawer",
        "label": "t:settings_schema.cart.settings.cart_type.label"
      }
    ]
  }
]